Group,Hyperparameters,Train Accuracy,Train Precision,Train Recall,Train F1-Score,Test Accuracy,Test Precision,Test Recall,Test F1-Score
ANN_Best,"{'hidden_layer_sizes': (32, 16), 'activation': 'relu', 'alpha': 1e-05, 'learning_rate': 'adaptive', 'solver': 'lbfgs', 'max_iter': 1000, 'random_state': 42, 'early_stopping': True, 'n_iter_no_change': 100}",0.8272703981271462,0.8333914565499434,0.8272703981271462,0.8260055312597121,0.7242079207920792,0.7340106446981387,0.7242079207920792,0.7222585887982048
ANN_Best,"{'hidden_layer_sizes': (32, 16), 'activation': 'relu', 'alpha': 1e-05, 'learning_rate': 'constant', 'solver': 'lbfgs', 'max_iter': 1000, 'random_state': 42, 'early_stopping': True, 'n_iter_no_change': 100}",0.8272703981271462,0.8333914565499434,0.8272703981271462,0.8260055312597121,0.7242079207920792,0.7340106446981387,0.7242079207920792,0.7222585887982048
ANN_Best,"{'hidden_layer_sizes': (100, 50), 'activation': 'relu', 'alpha': 1e-05, 'learning_rate': 'constant', 'solver': 'lbfgs', 'max_iter': 1000, 'random_state': 42, 'early_stopping': True, 'n_iter_no_change': 100}",0.8304671449178926,0.8368370998402144,0.8304671449178926,0.8290925296559541,0.7222475247524752,0.7316475800302303,0.7222475247524752,0.7191397975125193
ANN_Best,"{'hidden_layer_sizes': (100, 50), 'activation': 'relu', 'alpha': 1e-05, 'learning_rate': 'adaptive', 'solver': 'lbfgs', 'max_iter': 1000, 'random_state': 42, 'early_stopping': True, 'n_iter_no_change': 100}",0.8304671449178926,0.8368370998402144,0.8304671449178926,0.8290925296559541,0.7222475247524752,0.7316475800302303,0.7222475247524752,0.7191397975125193
ANN_Best,"{'hidden_layer_sizes': (32, 16), 'activation': 'relu', 'alpha': 0.001, 'learning_rate': 'constant', 'solver': 'lbfgs', 'max_iter': 1000, 'random_state': 42, 'early_stopping': True, 'n_iter_no_change': 100}",0.8264988658937582,0.8334260404644954,0.8264988658937582,0.8254043154813393,0.7192475247524752,0.7318589051336518,0.7192475247524752,0.7175646862157963
ANN_Best,"{'hidden_layer_sizes': (32, 16), 'activation': 'relu', 'alpha': 0.001, 'learning_rate': 'adaptive', 'solver': 'lbfgs', 'max_iter': 1000, 'random_state': 42, 'early_stopping': True, 'n_iter_no_change': 100}",0.8264988658937582,0.8334260404644954,0.8264988658937582,0.8254043154813393,0.7192475247524752,0.7318589051336518,0.7192475247524752,0.7175646862157963
ANN_Best,"{'hidden_layer_sizes': (32, 16), 'activation': 'relu', 'alpha': 0.0001, 'learning_rate': 'constant', 'solver': 'lbfgs', 'max_iter': 1000, 'random_state': 42, 'early_stopping': True, 'n_iter_no_change': 100}",0.8263890980091213,0.8326212224349228,0.8263890980091213,0.825220768519911,0.7182673267326732,0.725741324187535,0.7182673267326732,0.7162040633369152
ANN_Best,"{'hidden_layer_sizes': (32, 16), 'activation': 'relu', 'alpha': 0.0001, 'learning_rate': 'adaptive', 'solver': 'lbfgs', 'max_iter': 1000, 'random_state': 42, 'early_stopping': True, 'n_iter_no_change': 100}",0.8263890980091213,0.8326212224349228,0.8263890980091213,0.825220768519911,0.7182673267326732,0.725741324187535,0.7182673267326732,0.7162040633369152
ANN_Best,"{'hidden_layer_sizes': (32, 16), 'activation': 'relu', 'alpha': 0.0001, 'learning_rate': 'constant', 'solver': 'lbfgs', 'max_iter': 1000, 'random_state': 42, 'early_stopping': True, 'n_iter_no_change': 100}",0.8263890980091213,0.8326212224349228,0.8263890980091213,0.825220768519911,0.7182673267326732,0.725741324187535,0.7182673267326732,0.7162040633369152
ANN_Best,"{'hidden_layer_sizes': (32, 16), 'activation': 'relu', 'alpha': 0.0001, 'learning_rate': 'adaptive', 'solver': 'lbfgs', 'max_iter': 1000, 'random_state': 42, 'early_stopping': True, 'n_iter_no_change': 100}",0.8263890980091213,0.8326212224349228,0.8263890980091213,0.825220768519911,0.7182673267326732,0.725741324187535,0.7182673267326732,0.7162040633369152
ANN_Best,"{'hidden_layer_sizes': (100, 50), 'activation': 'relu', 'alpha': 0.001, 'learning_rate': 'constant', 'solver': 'lbfgs', 'max_iter': 1000, 'random_state': 42, 'early_stopping': True, 'n_iter_no_change': 100}",0.8304671449178926,0.836340232479178,0.8304671449178926,0.829132081090353,0.7182574257425742,0.7261012484762964,0.7182574257425742,0.7151066252693294
ANN_Best,"{'hidden_layer_sizes': (100, 50), 'activation': 'relu', 'alpha': 0.001, 'learning_rate': 'adaptive', 'solver': 'lbfgs', 'max_iter': 1000, 'random_state': 42, 'early_stopping': True, 'n_iter_no_change': 100}",0.8304671449178926,0.836340232479178,0.8304671449178926,0.829132081090353,0.7182574257425742,0.7261012484762964,0.7182574257425742,0.7151066252693294
ANN_Best,"{'hidden_layer_sizes': (100, 50), 'activation': 'relu', 'alpha': 0.0001, 'learning_rate': 'constant', 'solver': 'lbfgs', 'max_iter': 1000, 'random_state': 42, 'early_stopping': True, 'n_iter_no_change': 100}",0.8304671449178926,0.8371656815970179,0.8304671449178926,0.8292349771097497,0.7182475247524752,0.7305117967266711,0.7182475247524752,0.7160934419332514
ANN_Best,"{'hidden_layer_sizes': (100, 50), 'activation': 'relu', 'alpha': 0.0001, 'learning_rate': 'adaptive', 'solver': 'lbfgs', 'max_iter': 1000, 'random_state': 42, 'early_stopping': True, 'n_iter_no_change': 100}",0.8304671449178926,0.8371656815970179,0.8304671449178926,0.8292349771097497,0.7182475247524752,0.7305117967266711,0.7182475247524752,0.7160934419332514
ANN_Best,"{'hidden_layer_sizes': (100, 50), 'activation': 'relu', 'alpha': 0.0001, 'learning_rate': 'constant', 'solver': 'lbfgs', 'max_iter': 1000, 'random_state': 42, 'early_stopping': True, 'n_iter_no_change': 100}",0.8304671449178926,0.8371656815970179,0.8304671449178926,0.8292349771097497,0.7182475247524752,0.7305117967266711,0.7182475247524752,0.7160934419332514
ANN_Best,"{'hidden_layer_sizes': (100, 50), 'activation': 'relu', 'alpha': 0.0001, 'learning_rate': 'adaptive', 'solver': 'lbfgs', 'max_iter': 1000, 'random_state': 42, 'early_stopping': True, 'n_iter_no_change': 100}",0.8304671449178926,0.8371656815970179,0.8304671449178926,0.8292349771097497,0.7182475247524752,0.7305117967266711,0.7182475247524752,0.7160934419332514
ANN_Best,"{'hidden_layer_sizes': (128, 64), 'activation': 'relu', 'alpha': 0.0001, 'learning_rate': 'constant', 'solver': 'lbfgs', 'max_iter': 1000, 'random_state': 42, 'early_stopping': True, 'n_iter_no_change': 100}",0.8304671449178926,0.8365184965563184,0.8304671449178926,0.8292937962088416,0.7172772277227722,0.7275215740004988,0.7172772277227722,0.7143425024758787
ANN_Best,"{'hidden_layer_sizes': (128, 64), 'activation': 'relu', 'alpha': 0.0001, 'learning_rate': 'adaptive', 'solver': 'lbfgs', 'max_iter': 1000, 'random_state': 42, 'early_stopping': True, 'n_iter_no_change': 100}",0.8304671449178926,0.8365184965563184,0.8304671449178926,0.8292937962088416,0.7172772277227722,0.7275215740004988,0.7172772277227722,0.7143425024758787
ANN_Best,"{'hidden_layer_sizes': (128, 64), 'activation': 'relu', 'alpha': 0.0001, 'learning_rate': 'constant', 'solver': 'lbfgs', 'max_iter': 1000, 'random_state': 42, 'early_stopping': True, 'n_iter_no_change': 100}",0.8304671449178926,0.8365184965563184,0.8304671449178926,0.8292937962088416,0.7172772277227722,0.7275215740004988,0.7172772277227722,0.7143425024758787
ANN_Best,"{'hidden_layer_sizes': (128, 64), 'activation': 'relu', 'alpha': 0.0001, 'learning_rate': 'adaptive', 'solver': 'lbfgs', 'max_iter': 1000, 'random_state': 42, 'early_stopping': True, 'n_iter_no_change': 100}",0.8304671449178926,0.8365184965563184,0.8304671449178926,0.8292937962088416,0.7172772277227722,0.7275215740004988,0.7172772277227722,0.7143425024758787
ANN_Best,"{'hidden_layer_sizes': (64, 32), 'activation': 'relu', 'alpha': 1e-05, 'learning_rate': 'constant', 'solver': 'lbfgs', 'max_iter': 1000, 'random_state': 42, 'early_stopping': True, 'n_iter_no_change': 100}",0.8304671449178926,0.8364018895507405,0.8304671449178926,0.8293053056680192,0.7103564356435643,0.7182649552688483,0.7103564356435643,0.7071453820150553
ANN_Best,"{'hidden_layer_sizes': (64, 32), 'activation': 'relu', 'alpha': 1e-05, 'learning_rate': 'adaptive', 'solver': 'lbfgs', 'max_iter': 1000, 'random_state': 42, 'early_stopping': True, 'n_iter_no_change': 100}",0.8304671449178926,0.8364018895507405,0.8304671449178926,0.8293053056680192,0.7103564356435643,0.7182649552688483,0.7103564356435643,0.7071453820150553
ANN_Best,"{'hidden_layer_sizes': (50, 25), 'activation': 'relu', 'alpha': 0.0001, 'learning_rate': 'constant', 'solver': 'lbfgs', 'max_iter': 1000, 'random_state': 42, 'early_stopping': True, 'n_iter_no_change': 100}",0.8295856019505656,0.8366279710189348,0.8295856019505656,0.8282865353630621,0.7103168316831683,0.7175595965459675,0.7103168316831683,0.7072873119309917
ANN_Best,"{'hidden_layer_sizes': (50, 25), 'activation': 'relu', 'alpha': 0.0001, 'learning_rate': 'adaptive', 'solver': 'lbfgs', 'max_iter': 1000, 'random_state': 42, 'early_stopping': True, 'n_iter_no_change': 100}",0.8295856019505656,0.8366279710189348,0.8295856019505656,0.8282865353630621,0.7103168316831683,0.7175595965459675,0.7103168316831683,0.7072873119309917
ANN_Best,"{'hidden_layer_sizes': (50, 25), 'activation': 'relu', 'alpha': 0.0001, 'learning_rate': 'constant', 'solver': 'lbfgs', 'max_iter': 1000, 'random_state': 42, 'early_stopping': True, 'n_iter_no_change': 100}",0.8295856019505656,0.8366279710189348,0.8295856019505656,0.8282865353630621,0.7103168316831683,0.7175595965459675,0.7103168316831683,0.7072873119309917
ANN_Best,"{'hidden_layer_sizes': (50, 25), 'activation': 'relu', 'alpha': 0.0001, 'learning_rate': 'adaptive', 'solver': 'lbfgs', 'max_iter': 1000, 'random_state': 42, 'early_stopping': True, 'n_iter_no_change': 100}",0.8295856019505656,0.8366279710189348,0.8295856019505656,0.8282865353630621,0.7103168316831683,0.7175595965459675,0.7103168316831683,0.7072873119309917
ANN_Best,"{'hidden_layer_sizes': (128, 64), 'activation': 'relu', 'alpha': 1e-05, 'learning_rate': 'constant', 'solver': 'lbfgs', 'max_iter': 1000, 'random_state': 42, 'early_stopping': True, 'n_iter_no_change': 100}",0.8304671449178926,0.8370637483037806,0.8304671449178926,0.8293053036353981,0.7083663366336633,0.7163095155835357,0.7083663366336633,0.7054449040344669
ANN_Best,"{'hidden_layer_sizes': (128, 64), 'activation': 'relu', 'alpha': 1e-05, 'learning_rate': 'adaptive', 'solver': 'lbfgs', 'max_iter': 1000, 'random_state': 42, 'early_stopping': True, 'n_iter_no_change': 100}",0.8304671449178926,0.8370637483037806,0.8304671449178926,0.8293053036353981,0.7083663366336633,0.7163095155835357,0.7083663366336633,0.7054449040344669
ANN_Best,"{'hidden_layer_sizes': (50, 25), 'activation': 'relu', 'alpha': 0.001, 'learning_rate': 'constant', 'solver': 'lbfgs', 'max_iter': 1000, 'random_state': 42, 'early_stopping': True, 'n_iter_no_change': 100}",0.8299159984263366,0.8362207892502361,0.8299159984263366,0.8287021756939257,0.7083564356435643,0.7151281247024003,0.7083564356435643,0.7054690861862152
ANN_Best,"{'hidden_layer_sizes': (50, 25), 'activation': 'relu', 'alpha': 0.001, 'learning_rate': 'adaptive', 'solver': 'lbfgs', 'max_iter': 1000, 'random_state': 42, 'early_stopping': True, 'n_iter_no_change': 100}",0.8299159984263366,0.8362207892502361,0.8299159984263366,0.8287021756939257,0.7083564356435643,0.7151281247024003,0.7083564356435643,0.7054690861862152
ANN_Best,"{'hidden_layer_sizes': (64, 32), 'activation': 'relu', 'alpha': 0.001, 'learning_rate': 'constant', 'solver': 'lbfgs', 'max_iter': 1000, 'random_state': 42, 'early_stopping': True, 'n_iter_no_change': 100}",0.8304671449178926,0.8370285127832595,0.8304671449178926,0.829103293726629,0.7083366336633663,0.7156365011829259,0.7083366336633663,0.7048393727832237
ANN_Best,"{'hidden_layer_sizes': (64, 32), 'activation': 'relu', 'alpha': 0.001, 'learning_rate': 'adaptive', 'solver': 'lbfgs', 'max_iter': 1000, 'random_state': 42, 'early_stopping': True, 'n_iter_no_change': 100}",0.8304671449178926,0.8370285127832595,0.8304671449178926,0.829103293726629,0.7083366336633663,0.7156365011829259,0.7083366336633663,0.7048393727832237
ANN_Best,"{'hidden_layer_sizes': (128, 64), 'activation': 'relu', 'alpha': 0.001, 'learning_rate': 'constant', 'solver': 'lbfgs', 'max_iter': 1000, 'random_state': 42, 'early_stopping': True, 'n_iter_no_change': 100}",0.8304671449178926,0.8364226773704789,0.8304671449178926,0.8291631101298451,0.7073564356435643,0.7158161564019305,0.7073564356435643,0.7040596040111007
ANN_Best,"{'hidden_layer_sizes': (128, 64), 'activation': 'relu', 'alpha': 0.001, 'learning_rate': 'adaptive', 'solver': 'lbfgs', 'max_iter': 1000, 'random_state': 42, 'early_stopping': True, 'n_iter_no_change': 100}",0.8304671449178926,0.8364226773704789,0.8304671449178926,0.8291631101298451,0.7073564356435643,0.7158161564019305,0.7073564356435643,0.7040596040111007
ANN_Best,"{'hidden_layer_sizes': (64, 32), 'activation': 'relu', 'alpha': 0.0001, 'learning_rate': 'constant', 'solver': 'lbfgs', 'max_iter': 1000, 'random_state': 42, 'early_stopping': True, 'n_iter_no_change': 100}",0.8304671449178926,0.8374437548189959,0.8304671449178926,0.8292510497817508,0.7063960396039604,0.7127363223698622,0.7063960396039604,0.703452030484555
ANN_Best,"{'hidden_layer_sizes': (64, 32), 'activation': 'relu', 'alpha': 0.0001, 'learning_rate': 'adaptive', 'solver': 'lbfgs', 'max_iter': 1000, 'random_state': 42, 'early_stopping': True, 'n_iter_no_change': 100}",0.8304671449178926,0.8374437548189959,0.8304671449178926,0.8292510497817508,0.7063960396039604,0.7127363223698622,0.7063960396039604,0.703452030484555
ANN_Best,"{'hidden_layer_sizes': (64, 32), 'activation': 'relu', 'alpha': 0.0001, 'learning_rate': 'constant', 'solver': 'lbfgs', 'max_iter': 1000, 'random_state': 42, 'early_stopping': True, 'n_iter_no_change': 100}",0.8304671449178926,0.8374437548189959,0.8304671449178926,0.8292510497817508,0.7063960396039604,0.7127363223698622,0.7063960396039604,0.703452030484555
ANN_Best,"{'hidden_layer_sizes': (64, 32), 'activation': 'relu', 'alpha': 0.0001, 'learning_rate': 'adaptive', 'solver': 'lbfgs', 'max_iter': 1000, 'random_state': 42, 'early_stopping': True, 'n_iter_no_change': 100}",0.8304671449178926,0.8374437548189959,0.8304671449178926,0.8292510497817508,0.7063960396039604,0.7127363223698622,0.7063960396039604,0.703452030484555
ANN_Best,"{'hidden_layer_sizes': (50, 25), 'activation': 'relu', 'alpha': 1e-05, 'learning_rate': 'constant', 'solver': 'lbfgs', 'max_iter': 1000, 'random_state': 42, 'early_stopping': True, 'n_iter_no_change': 100}",0.8299158770016855,0.8362792367527405,0.8299158770016855,0.8286443380420444,0.7053762376237623,0.7157965788685768,0.7053762376237623,0.7020228293244422
ANN_Best,"{'hidden_layer_sizes': (50, 25), 'activation': 'relu', 'alpha': 1e-05, 'learning_rate': 'adaptive', 'solver': 'lbfgs', 'max_iter': 1000, 'random_state': 42, 'early_stopping': True, 'n_iter_no_change': 100}",0.8299158770016855,0.8362792367527405,0.8299158770016855,0.8286443380420444,0.7053762376237623,0.7157965788685768,0.7053762376237623,0.7020228293244422
ANN_Best,"{'hidden_layer_sizes': (100, 50), 'activation': 'relu', 'alpha': 0.0001, 'learning_rate': 'constant', 'solver': 'adam', 'max_iter': 1000, 'random_state': 42, 'early_stopping': True, 'n_iter_no_change': 100}",0.7319163481293318,0.7544757819510962,0.7319163481293318,0.7322473177756051,0.6964059405940594,0.7200810468059257,0.6964059405940594,0.6965441737226578
ANN_Best,"{'hidden_layer_sizes': (100, 50), 'activation': 'relu', 'alpha': 0.0001, 'learning_rate': 'adaptive', 'solver': 'adam', 'max_iter': 1000, 'random_state': 42, 'early_stopping': True, 'n_iter_no_change': 100}",0.7319163481293318,0.7544757819510962,0.7319163481293318,0.7322473177756051,0.6964059405940594,0.7200810468059257,0.6964059405940594,0.6965441737226578
ANN_Best,"{'hidden_layer_sizes': (100, 50), 'activation': 'relu', 'alpha': 0.0001, 'learning_rate': 'constant', 'solver': 'adam', 'max_iter': 1000, 'random_state': 42, 'early_stopping': True, 'n_iter_no_change': 100}",0.7319163481293318,0.7544757819510962,0.7319163481293318,0.7322473177756051,0.6964059405940594,0.7200810468059257,0.6964059405940594,0.6965441737226578
ANN_Best,"{'hidden_layer_sizes': (100, 50), 'activation': 'relu', 'alpha': 0.0001, 'learning_rate': 'adaptive', 'solver': 'adam', 'max_iter': 1000, 'random_state': 42, 'early_stopping': True, 'n_iter_no_change': 100}",0.7319163481293318,0.7544757819510962,0.7319163481293318,0.7322473177756051,0.6964059405940594,0.7200810468059257,0.6964059405940594,0.6965441737226578
ANN_Best,"{'hidden_layer_sizes': (100, 50), 'activation': 'relu', 'alpha': 0.001, 'learning_rate': 'constant', 'solver': 'adam', 'max_iter': 1000, 'random_state': 42, 'early_stopping': True, 'n_iter_no_change': 100}",0.7367724842026528,0.7577190117908654,0.7367724842026528,0.7358333983272154,0.6844950495049504,0.7063170753501649,0.6844950495049504,0.6824350268741346
ANN_Best,"{'hidden_layer_sizes': (100, 50), 'activation': 'relu', 'alpha': 0.001, 'learning_rate': 'adaptive', 'solver': 'adam', 'max_iter': 1000, 'random_state': 42, 'early_stopping': True, 'n_iter_no_change': 100}",0.7367724842026528,0.7577190117908654,0.7367724842026528,0.7358333983272154,0.6844950495049504,0.7063170753501649,0.6844950495049504,0.6824350268741346
ANN_Best,"{'hidden_layer_sizes': (64, 32), 'activation': 'relu', 'alpha': 1e-05, 'learning_rate': 'constant', 'solver': 'adam', 'max_iter': 1000, 'random_state': 42, 'early_stopping': True, 'n_iter_no_change': 100}",0.7260749724366041,0.7432787903054073,0.7260749724366041,0.7264382193928905,0.6796633663366336,0.6985615893267806,0.6796633663366336,0.6782950407664227
ANN_Best,"{'hidden_layer_sizes': (64, 32), 'activation': 'relu', 'alpha': 1e-05, 'learning_rate': 'adaptive', 'solver': 'adam', 'max_iter': 1000, 'random_state': 42, 'early_stopping': True, 'n_iter_no_change': 100}",0.7260749724366041,0.7432787903054073,0.7260749724366041,0.7264382193928905,0.6796633663366336,0.6985615893267806,0.6796633663366336,0.6782950407664227
ANN_Best,"{'hidden_layer_sizes': (100, 50), 'activation': 'relu', 'alpha': 1e-05, 'learning_rate': 'constant', 'solver': 'adam', 'max_iter': 1000, 'random_state': 42, 'early_stopping': True, 'n_iter_no_change': 100}",0.719794525205329,0.745261635756711,0.719794525205329,0.7197689063338698,0.6794851485148514,0.7075664353414,0.6794851485148514,0.6785775761084784
ANN_Best,"{'hidden_layer_sizes': (100, 50), 'activation': 'relu', 'alpha': 1e-05, 'learning_rate': 'adaptive', 'solver': 'adam', 'max_iter': 1000, 'random_state': 42, 'early_stopping': True, 'n_iter_no_change': 100}",0.719794525205329,0.745261635756711,0.719794525205329,0.7197689063338698,0.6794851485148514,0.7075664353414,0.6794851485148514,0.6785775761084784
ANN_Best,"{'hidden_layer_sizes': (64, 32), 'activation': 'relu', 'alpha': 0.001, 'learning_rate': 'constant', 'solver': 'adam', 'max_iter': 1000, 'random_state': 42, 'early_stopping': True, 'n_iter_no_change': 100}",0.7381975239085139,0.7531402274302919,0.7381975239085139,0.7382174959467556,0.6746534653465346,0.6920668102973232,0.6746534653465346,0.6716873229008797
ANN_Best,"{'hidden_layer_sizes': (64, 32), 'activation': 'relu', 'alpha': 0.001, 'learning_rate': 'adaptive', 'solver': 'adam', 'max_iter': 1000, 'random_state': 42, 'early_stopping': True, 'n_iter_no_change': 100}",0.7381975239085139,0.7531402274302919,0.7381975239085139,0.7382174959467556,0.6746534653465346,0.6920668102973232,0.6746534653465346,0.6716873229008797
ANN_Best,"{'hidden_layer_sizes': (64, 32), 'activation': 'relu', 'alpha': 0.0001, 'learning_rate': 'constant', 'solver': 'adam', 'max_iter': 1000, 'random_state': 42, 'early_stopping': True, 'n_iter_no_change': 100}",0.7245319079698285,0.7400409951191291,0.7245319079698285,0.7237775873947111,0.6736435643564356,0.6918861991091929,0.6736435643564356,0.6708256013394237
ANN_Best,"{'hidden_layer_sizes': (64, 32), 'activation': 'relu', 'alpha': 0.0001, 'learning_rate': 'adaptive', 'solver': 'adam', 'max_iter': 1000, 'random_state': 42, 'early_stopping': True, 'n_iter_no_change': 100}",0.7245319079698285,0.7400409951191291,0.7245319079698285,0.7237775873947111,0.6736435643564356,0.6918861991091929,0.6736435643564356,0.6708256013394237
ANN_Best,"{'hidden_layer_sizes': (64, 32), 'activation': 'relu', 'alpha': 0.0001, 'learning_rate': 'constant', 'solver': 'adam', 'max_iter': 1000, 'random_state': 42, 'early_stopping': True, 'n_iter_no_change': 100}",0.7245319079698285,0.7400409951191291,0.7245319079698285,0.7237775873947111,0.6736435643564356,0.6918861991091929,0.6736435643564356,0.6708256013394237
ANN_Best,"{'hidden_layer_sizes': (64, 32), 'activation': 'relu', 'alpha': 0.0001, 'learning_rate': 'adaptive', 'solver': 'adam', 'max_iter': 1000, 'random_state': 42, 'early_stopping': True, 'n_iter_no_change': 100}",0.7245319079698285,0.7400409951191291,0.7245319079698285,0.7237775873947111,0.6736435643564356,0.6918861991091929,0.6736435643564356,0.6708256013394237
ANN_Best,"{'hidden_layer_sizes': (128, 64), 'activation': 'relu', 'alpha': 0.001, 'learning_rate': 'constant', 'solver': 'adam', 'max_iter': 1000, 'random_state': 42, 'early_stopping': True, 'n_iter_no_change': 100}",0.7287243368999801,0.7517402578533193,0.7287243368999801,0.7272468819788735,0.6706732673267325,0.6983744680810055,0.6706732673267325,0.6681938997002905
ANN_Best,"{'hidden_layer_sizes': (128, 64), 'activation': 'relu', 'alpha': 0.001, 'learning_rate': 'adaptive', 'solver': 'adam', 'max_iter': 1000, 'random_state': 42, 'early_stopping': True, 'n_iter_no_change': 100}",0.7287243368999801,0.7517402578533193,0.7287243368999801,0.7272468819788735,0.6706732673267325,0.6983744680810055,0.6706732673267325,0.6681938997002905
ANN_Best,"{'hidden_layer_sizes': (128, 64), 'activation': 'relu', 'alpha': 0.0001, 'learning_rate': 'constant', 'solver': 'adam', 'max_iter': 1000, 'random_state': 42, 'early_stopping': True, 'n_iter_no_change': 100}",0.7310394192987484,0.7521551653527138,0.7310394192987484,0.7308464714037692,0.6676633663366337,0.685423224497708,0.6676633663366337,0.664784566616932
ANN_Best,"{'hidden_layer_sizes': (128, 64), 'activation': 'relu', 'alpha': 0.0001, 'learning_rate': 'adaptive', 'solver': 'adam', 'max_iter': 1000, 'random_state': 42, 'early_stopping': True, 'n_iter_no_change': 100}",0.7310394192987484,0.7521551653527138,0.7310394192987484,0.7308464714037692,0.6676633663366337,0.685423224497708,0.6676633663366337,0.664784566616932
ANN_Best,"{'hidden_layer_sizes': (128, 64), 'activation': 'relu', 'alpha': 0.0001, 'learning_rate': 'constant', 'solver': 'adam', 'max_iter': 1000, 'random_state': 42, 'early_stopping': True, 'n_iter_no_change': 100}",0.7310394192987484,0.7521551653527138,0.7310394192987484,0.7308464714037692,0.6676633663366337,0.685423224497708,0.6676633663366337,0.664784566616932
ANN_Best,"{'hidden_layer_sizes': (128, 64), 'activation': 'relu', 'alpha': 0.0001, 'learning_rate': 'adaptive', 'solver': 'adam', 'max_iter': 1000, 'random_state': 42, 'early_stopping': True, 'n_iter_no_change': 100}",0.7310394192987484,0.7521551653527138,0.7310394192987484,0.7308464714037692,0.6676633663366337,0.685423224497708,0.6676633663366337,0.664784566616932
ANN_Best,"{'hidden_layer_sizes': (128, 64), 'activation': 'relu', 'alpha': 1e-05, 'learning_rate': 'constant', 'solver': 'adam', 'max_iter': 1000, 'random_state': 42, 'early_stopping': True, 'n_iter_no_change': 100}",0.7283881120409541,0.7449138314043887,0.7283881120409541,0.7290313510975157,0.6656930693069307,0.6859270843732561,0.6656930693069307,0.6654345523168709
ANN_Best,"{'hidden_layer_sizes': (128, 64), 'activation': 'relu', 'alpha': 1e-05, 'learning_rate': 'adaptive', 'solver': 'adam', 'max_iter': 1000, 'random_state': 42, 'early_stopping': True, 'n_iter_no_change': 100}",0.7283881120409541,0.7449138314043887,0.7283881120409541,0.7290313510975157,0.6656930693069307,0.6859270843732561,0.6656930693069307,0.6654345523168709
ANN_Best,"{'hidden_layer_sizes': (50, 25), 'activation': 'relu', 'alpha': 1e-05, 'learning_rate': 'constant', 'solver': 'adam', 'max_iter': 1000, 'random_state': 42, 'early_stopping': True, 'n_iter_no_change': 100}",0.7006282511450344,0.7345308651510394,0.7006282511450344,0.7024849772806263,0.6507029702970297,0.6799049414397886,0.6507029702970297,0.6510301124564716
ANN_Best,"{'hidden_layer_sizes': (50, 25), 'activation': 'relu', 'alpha': 1e-05, 'learning_rate': 'adaptive', 'solver': 'adam', 'max_iter': 1000, 'random_state': 42, 'early_stopping': True, 'n_iter_no_change': 100}",0.7006282511450344,0.7345308651510394,0.7006282511450344,0.7024849772806263,0.6507029702970297,0.6799049414397886,0.6507029702970297,0.6510301124564716
ANN_Best,"{'hidden_layer_sizes': (50, 25), 'activation': 'relu', 'alpha': 0.001, 'learning_rate': 'constant', 'solver': 'adam', 'max_iter': 1000, 'random_state': 42, 'early_stopping': True, 'n_iter_no_change': 100}",0.6915834503057472,0.7221273547084823,0.6915834503057472,0.6937530008425645,0.6458019801980198,0.6722058090790656,0.6458019801980198,0.6463292829544428
ANN_Best,"{'hidden_layer_sizes': (50, 25), 'activation': 'relu', 'alpha': 0.001, 'learning_rate': 'adaptive', 'solver': 'adam', 'max_iter': 1000, 'random_state': 42, 'early_stopping': True, 'n_iter_no_change': 100}",0.6915834503057472,0.7221273547084823,0.6915834503057472,0.6937530008425645,0.6458019801980198,0.6722058090790656,0.6458019801980198,0.6463292829544428
ANN_Best,"{'hidden_layer_sizes': (50, 25), 'activation': 'relu', 'alpha': 0.0001, 'learning_rate': 'constant', 'solver': 'adam', 'max_iter': 1000, 'random_state': 42, 'early_stopping': True, 'n_iter_no_change': 100}",0.699852104774903,0.7284005448257115,0.699852104774903,0.702270975535169,0.6457821782178218,0.6714453269972048,0.6457821782178218,0.6475129947308548
ANN_Best,"{'hidden_layer_sizes': (50, 25), 'activation': 'relu', 'alpha': 0.0001, 'learning_rate': 'adaptive', 'solver': 'adam', 'max_iter': 1000, 'random_state': 42, 'early_stopping': True, 'n_iter_no_change': 100}",0.699852104774903,0.7284005448257115,0.699852104774903,0.702270975535169,0.6457821782178218,0.6714453269972048,0.6457821782178218,0.6475129947308548
ANN_Best,"{'hidden_layer_sizes': (50, 25), 'activation': 'relu', 'alpha': 0.0001, 'learning_rate': 'constant', 'solver': 'adam', 'max_iter': 1000, 'random_state': 42, 'early_stopping': True, 'n_iter_no_change': 100}",0.699852104774903,0.7284005448257115,0.699852104774903,0.702270975535169,0.6457821782178218,0.6714453269972048,0.6457821782178218,0.6475129947308548
ANN_Best,"{'hidden_layer_sizes': (50, 25), 'activation': 'relu', 'alpha': 0.0001, 'learning_rate': 'adaptive', 'solver': 'adam', 'max_iter': 1000, 'random_state': 42, 'early_stopping': True, 'n_iter_no_change': 100}",0.699852104774903,0.7284005448257115,0.699852104774903,0.702270975535169,0.6457821782178218,0.6714453269972048,0.6457821782178218,0.6475129947308548
ANN_Best,"{'hidden_layer_sizes': (32, 16), 'activation': 'relu', 'alpha': 1e-05, 'learning_rate': 'constant', 'solver': 'adam', 'max_iter': 1000, 'random_state': 42, 'early_stopping': True, 'n_iter_no_change': 100}",0.6444069377188679,0.6767593726321361,0.6444069377188679,0.6487089540238341,0.6131089108910891,0.6494419286955418,0.6131089108910891,0.6134450156981291
ANN_Best,"{'hidden_layer_sizes': (32, 16), 'activation': 'relu', 'alpha': 1e-05, 'learning_rate': 'adaptive', 'solver': 'adam', 'max_iter': 1000, 'random_state': 42, 'early_stopping': True, 'n_iter_no_change': 100}",0.6444069377188679,0.6767593726321361,0.6444069377188679,0.6487089540238341,0.6131089108910891,0.6494419286955418,0.6131089108910891,0.6134450156981291
ANN_Best,"{'hidden_layer_sizes': (32, 16), 'activation': 'relu', 'alpha': 0.001, 'learning_rate': 'constant', 'solver': 'adam', 'max_iter': 1000, 'random_state': 42, 'early_stopping': True, 'n_iter_no_change': 100}",0.638674358513568,0.6711961014909317,0.638674358513568,0.6436965267975682,0.6111287128712871,0.6416352454879595,0.6111287128712871,0.6118689505246068
ANN_Best,"{'hidden_layer_sizes': (32, 16), 'activation': 'relu', 'alpha': 0.001, 'learning_rate': 'adaptive', 'solver': 'adam', 'max_iter': 1000, 'random_state': 42, 'early_stopping': True, 'n_iter_no_change': 100}",0.638674358513568,0.6711961014909317,0.638674358513568,0.6436965267975682,0.6111287128712871,0.6416352454879595,0.6111287128712871,0.6118689505246068
ANN_Best,"{'hidden_layer_sizes': (32, 16), 'activation': 'relu', 'alpha': 0.0001, 'learning_rate': 'constant', 'solver': 'adam', 'max_iter': 1000, 'random_state': 42, 'early_stopping': True, 'n_iter_no_change': 100}",0.6289674290515763,0.6567156863010504,0.6289674290515763,0.6326215495539833,0.6042079207920792,0.6333827468030113,0.6042079207920792,0.6037473204155945
ANN_Best,"{'hidden_layer_sizes': (32, 16), 'activation': 'relu', 'alpha': 0.0001, 'learning_rate': 'adaptive', 'solver': 'adam', 'max_iter': 1000, 'random_state': 42, 'early_stopping': True, 'n_iter_no_change': 100}",0.6289674290515763,0.6567156863010504,0.6289674290515763,0.6326215495539833,0.6042079207920792,0.6333827468030113,0.6042079207920792,0.6037473204155945
ANN_Best,"{'hidden_layer_sizes': (32, 16), 'activation': 'relu', 'alpha': 0.0001, 'learning_rate': 'constant', 'solver': 'adam', 'max_iter': 1000, 'random_state': 42, 'early_stopping': True, 'n_iter_no_change': 100}",0.6289674290515763,0.6567156863010504,0.6289674290515763,0.6326215495539833,0.6042079207920792,0.6333827468030113,0.6042079207920792,0.6037473204155945
ANN_Best,"{'hidden_layer_sizes': (32, 16), 'activation': 'relu', 'alpha': 0.0001, 'learning_rate': 'adaptive', 'solver': 'adam', 'max_iter': 1000, 'random_state': 42, 'early_stopping': True, 'n_iter_no_change': 100}",0.6289674290515763,0.6567156863010504,0.6289674290515763,0.6326215495539833,0.6042079207920792,0.6333827468030113,0.6042079207920792,0.6037473204155945
